{ 
    
    "yogotar": [
        {
            "shape": [ 1,64, 9,28, 111.26507568359375,34.234626770019531, 113,67, 99,96, 76,112, 40.644775390625,111.45970153808594, 15,99 ]
        },
        {
            "shape": [ 82,4, 100,18, 111.26507568359375,34.234626770019531, 9,28, 23.370746612548828,10.863883972167969, 45,0 ]
        }
    ]
    , 
    "barra2": [
        {
            "shape": [ -0.5,14, 5,4.5, 14,-0.5, 15,-0.5, 331,44.5, 17,44.5, 7.5,40, -0.5,30 ]
        },
        {
            "shape": [ 344.5,31, 341.5,37, 331,44.5, 15,-0.5, 327,0.5, 335,3.5, 342.5,11 ]
        }
    ]
}
