{ 
    
    "yogotar": [
        {
            "shape": [ 1,64, 9,28, 111.26507568359375,34.234626770019531, 113,67, 99,96, 76,112, 40.644775390625,111.45970153808594, 15,99 ]
        },
        {
            "shape": [ 82,4, 100,18, 111.26507568359375,34.234626770019531, 9,28, 23.370746612548828,10.863883972167969, 45,0 ]
        }
    ]
    , 
    "barra1": [
        {
            "shape": [ 254,26, 245,34, 15,33, 3,17, 13,2, 244,3, 254,10 ]
        },
        {
            "shape": [ 3,17, 15,33, 6,27 ]
        },
        {
            "shape": [ 13,2, 3,17, 6,6 ]
        }
    ]
}
